d_sample,error_n,error_min,error_mean,error_max,error_stddev,Volume,Result
0.01, 100, 1.53687e-05, 0.00128874, 0.00225634, 0.000679275,  0, 0
0.01, 100, 1.45393e-05, 0.00119503, 0.0022451, 0.000660552,  0, 0
0.01, 100, 1.48905e-05, 0.00122114, 0.00230785, 0.000715064,  0, 0
0.01, 100, 9.22452e-06, 0.00133815, 0.0025432, 0.000708405,  0, 0
0.01, 100, 2.94514e-05, 0.00129593, 0.00244852, 0.000720083,  0, 0
0.01, 100, 1.03484e-05, 0.00130154, 0.00251782, 0.000683213,  0, 0
0.01, 100, 2.83096e-05, 0.00122221, 0.00221962, 0.000747547,  0, 0
0.01, 100, 3.9771e-05, 0.00133147, 0.00247208, 0.000727496,  0, 0
0.01, 100, 3.65742e-05, 0.00125839, 0.00222903, 0.00073979,  0, 0
