d_sample,error_n,error_min,error_mean,error_max,error_stddev,Volume,Result
0.01, 100, 1.23926e-05, 0.00109827, 0.00254687, 0.000775822,  0, 0
0.01, 100, 8.6925e-06, 0.000991949, 0.002439, 0.000722694,  0, 0
0.01, 100, 1.74406e-05, 0.00117873, 0.00249651, 0.000725737,  0, 0
0.01, 100, 2.77818e-05, 0.00108487, 0.00202469, 0.000650257,  0, 0
0.01, 100, 3.25723e-05, 0.00119877, 0.00242221, 0.000725592,  0, 0
0.01, 100, 2.66021e-05, 0.00118951, 0.00241637, 0.000738039,  0, 0
0.01, 100, 2.93308e-05, 0.00131311, 0.0024682, 0.000721608,  0, 0
0.01, 100, 2.82431e-05, 0.00115186, 0.00250178, 0.000761533,  0, 0
0.01, 100, 1.98062e-05, 0.0012563, 0.0025279, 0.000720075,  0, 0
